{
    "best_fitness_r2": 0.7463220626183168,
    "runtime_sec": 3902.356290578842,
    "total_evaluations": 117,
    "hyperparameters": {
        "n_layers": 1,
        "neurons": 126,
        "batch_size": 8192,
        "activation": "relu",
        "learning_rate": 0.060831702321934675,
        "dropout": 0.1,
        "l2_reg": 3.4704909354375016e-05
    },
    "feature_mask": [
        1,
        1,
        1,
        1,
        1,
        1,
        1,
        0,
        0,
        1,
        1,
        1,
        1,
        1,
        0,
        1,
        1,
        0,
        1,
        0,
        1,
        0,
        0,
        1,
        1,
        1,
        0,
        1,
        1,
        0,
        0
    ]
}